title,url,published,stock,text,label
Jim Cramer drops shock call on Magnificent 7 stocks,https://www.thestreet.com/technology/jim-cramer-drops-shock-call-on-magnificent-7-stocks,2025-09-16T20:07:00Z,AAPL,,1
Nvidia will deliver key earnings report this week,https://www.thestreet.com/investing/stocks/nvidia-will-deliver-key-earnings-report-this-week,2025-08-24T10:58:30Z,AAPL,,1
"Stock market today: Dow, S&P 500, Nasdaq drop with Powell speech looming over Fed rate-cut hopes",https://finance.yahoo.com/news/live/stock-market-today-dow-sp-500-nasdaq-drop-with-powell-speech-looming-over-fed-rate-cut-hopes-234122186.html,2025-08-20T23:41:22Z,AAPL,u stock slid thursday disappointing walmart wmt earnings hotterthanexpected jobless claim data focus tightened federal reserve closely watched gathering jackson hole dow jones industrial average dji fell sp gspc moved techheavy nasdaq composite ixic also dropped continued slide big tech stock still worry even nasdaq wednesday showed sign reprieve coming firmly session low buyer jumped short seller reaped billion bet tech ai fear rippled market dimmed ratecut hope also weighing mind minute fed july meeting signaled sticky inflation rather faltering labor market main concern policymakers broad support holding rate steady despite growing divide fed meanwhile policymakers indicated week dont necessarily view rate cut imminent amid rate debate jobless claim week ending aug rose versus expectation continuing claim jumped million notch million anticipated economist meanwhile manufacturing activity rose highest level three year august sp globals flash u composite pmi survey capture activity service manufacturing sector increased july earlier walmart wmt capped week earnings retail giant raising fullyear forecast sale profit second quarter result showed lowprice push drawing shopper quarterly profit fell short high expectation share slid fed kick jackson hole symposium central banker around world later thursday countdown chair jerome powell highly anticipated speech friday gathering taking place president trump put public pressure fed recently calling fed governor lisa cook resign cook said wont bullied step live coverage update,0
Invested In Apple Stock 10 Years Ago? Here's How You've Performed Against The S&P 500,https://www.forbes.com/sites/investor-hub/article/invest-in-apple-aapl-stock-how-you-performed-agagainst-sp500/,2025-08-25T21:00:29Z,AAPL,,1
Today in Apple history: Apple stock smashes through $700 barrier,https://www.cultofmac.com/apple-history/apple-stock-hits-700-dollars,2025-09-17T14:48:43Z,AAPL,september back record iphone preorders million hour apple stock price hit new alltime high first time history aapl break mark afterhours trading passing milestone cement cupertinos place world valuable publicly traded company amazingly new record share higher start year apple stock rose nine month apple stock price hit split measurable metric apple enjoyed soaring success stock price breaking latest series dizzying record company set short year january apple surpassed value dell company whose founder said hed shut apple refund shareholder year later apple overtook microsoft besting tech giant dominated august apple briefly overtook exxonmobil become world valuable company apple stock price kept climbing apple market cap keep climbing end february apple surpassed billion market cap smashed billion april september apple valued upward billion put perspective apple worth secondplace exxonmobil plus entire net worth google time bad company fallen share september apple stock price break record apple hasnt exactly renounced winning way since became first publicly traded u company pas billion billion trillion trillion trillion valuation early surged past trillion line briefly dropping amid wider market pullback thing mid phew time writing aapl trading around share however fair compare stock price apple milestone due stock split subsequent split stock price aifocused company surged recent year nvidia microsoft surpassed apple market valuation currently apple market cap sits trillion making third valuable publicly traded company world google parent alphabet amazon meta hot heel,0
5 Things to Know Before the Stock Market Opens,https://www.investopedia.com/5-things-to-know-before-the-stock-market-opens-september-17-2025-11811676,2025-09-17T12:12:38Z,AAPL,stock future little changed investor get ready today interest rate decision federal reserve expected lower rate first time year china reportedly ordered firm stop buying latest nvidia nvda chip designed market meta platform meta expected highlight ai glass developer event stubhub share set begin trading new york stock exchange here investor need know today stock future holding steady investor await fed rate decision stock future little changed ahead today highly anticipated federal reserve decision interest rate future tied sp techheavy nasdaq hit fresh alltime high yesterday morning finishing day slightly lower less morning yield year treasury note affect borrowing cost sort loan ticked lower near lowest level since april gold future slightly around ounce hitting record high tuesday bitcoin edged lower investor expect rate cut looking signal easing likely federal reserve widely expected lower interest rate today announcement coming pm et today investor believe fed cut benchmark rate quarter percentage point betting halfpoint cut possible amid sign weakness labor market fed also release quarterly projection direction economy interest rate pm et fed chair jerome powell hold press conference discus decision speak general economic condition investor looking signal fed belief economic condition warrant rate cut coming month china order company stop buying nvidia chip report say china internet regulator ordered company stop buying nvidia nvda chip order reduce reliance u technology according report financial time cyberspace administration china told company including tiktokparent bytedance alibaba terminate testing order rtx pro nvidias latest chip designed chinese market report said new ban stronger prior restriction regulator focused h earlier version nvidias chinatailored ai chip ban come china recently accused nvidia antitrust violation nvidia share recent premarket trading meta event focus ai glass meta platform meta expected show aipowered smart glass new technology developer conference begin today meta ceo mark zuckerberg scheduled deliver keynote address pm et expected showcase company hypernova glass launch new meta ai glass come competitor apple aapl samsung amazon amzn plan launch version ai glass meta share slightly premarket trading metas connect conference extend thursday ticket reseller stubhub raise ipo stock set debut nyse stubhub raised million initial public offering pricing deal midpoint marketed range online ticketing reseller succeeds third attempt going public stubhub sold million share value online ticket reseller around billion stock expected begin trading today new york stock exchange ticker stub ipo come stubhub delayed listing plan earlier year amid market turmoil following president donald trump tariff announcement stubhubs listing follows similar public offering recent week including buy pay later firm klarnas ipo last week,0
"Stock market today: Dow, S&P 500, Nasdaq drift as Wall Street braces for revision to jobs data",https://finance.yahoo.com/news/live/stock-market-today-dow-sp-500-nasdaq-drift-as-wall-street-braces-for-revision-to-jobs-data-232914335.html,2025-09-08T23:29:14Z,AAPL,u stock hit fresh record tuesday investor digested revision u job number showed labor market weakness braced key inflation data could reset expectation interestrate cut dow jones industrial average dji climbed nearly close sp gspc rose also notch fresh record close techheavy nasdaq composite ixic gained marking second consecutive closing high week labor market data released bureau labor statistic tuesday showed u economy likely added fewer job previously thought month period march steeper revision expected economist tracked bloomberg expected data show around fewer job added economy time frame otherwise regular update took higher economic political prominence usual debate reign federal reserve react data slew indication labor market slowing far sign convinced trader interestrate cut coming fed policymakers meet next week question shifted large reduction might whether boon stock report inflation crucial fed thinking due starting wednesday latest reading producer price index ppi consumer price index cpi follows thursday cpi ppi reading shine light whether rising price could become significant stumbling block deep sustained rate cut also focus apple aapl annual fall event tech giant showcased device including iphone iphone air well new watch heart ratetracking airpods apple stock fell around elsewhere corporate front share tourmaline bio trml nebius nbis jumped deal news swiss pharma giant novartis nv novnsw big tech microsoft msft respectively oracle orcl gamestop gme report earnings bell live coverage update,1
Today in Apple history: Steve Jobs prepares to take on Apple,https://www.cultofmac.com/apple-history/steve-jobs-sells-apple-stock,2025-09-02T15:55:16Z,AAPL,september report claim apple cofounder steve job verge setting new company compete cupertino rumor fly job sell apple stock holding worth million anyone think speculation apple future invention blog era today edition today apple history reminder tech rumor mill alive well steve job sell appl stock prep leave apple speculation job way apple came stripped duty general manager macintosh division move came part companywide reorganization apple ceo john sculley summer reshuffling occurred year half first mac went sale generally good review disappointing sale nobody expected job stay quiet long even yearold tech exec wellknown public thanks sustained pr blitz however relatively expected job leave company altogether rumor gained credibility early september news emerged job sold apple stock two month july sold share million august sold share million trade publication infoworld noted september large amount stock high value stirring speculation industry job starting venture sometime soon may invite current apple employee join enter next unbeknownst press time job took significant meeting early september nobel laureate paul berg stanford biochemist turn lunched berg told job gene splicing challenge conducting wetlab research job asked didnt simulate computer berg eye reportedly lit thats way job recalled least job suddenly new idea think result month later would formation next job new computer company initially planned build educational machine although remit later expanded next started next phase job career eventually paved way triumphant return apple,1
Stock Market Today: Stocks rise after worse-than-expected payroll revisions,https://www.thestreet.com/markets/stock-market-today-september-9-2025,2025-09-09T15:11:33Z,AAPL,,1
Why Analysts See More Upside for Apple (AAPL) After DOJ-Google Ruling,https://finance.yahoo.com/news/why-analysts-see-more-upside-102140398.html,2025-09-06T10:21:40Z,AAPL,apple inc nasdaqaapl one ai stock watch september bofa security analyst wamsi mohan raised price target stock maintaining buy rating firm discussed doj ruling google antitrust case revealed google barred exclusive contract push google search chrome google assistant gemini app however allowed pay distributor apple default search enginepaid oneyear basis firm expects robust growth apple service business aapl share traded market news report judge dojgoogle antitrust case issued memorandum opinion remedy required google google barred entering maintaining exclusive contract related distribution google search chrome google assistant gemini app google permitted pay distributor default placement preloading placement google search chrome gen ai product one year time apple technology company known consumer electronics software service acknowledge potential aapl investment believe certain ai stock offer greater upside potential carry less downside risk youre looking extremely undervalued ai stock also stand benefit significantly trumpera tariff onshoring trend see free report best shortterm ai stock read next mustwatch ai stock wall street ai stock investor watching closely disclosure none,0
"Stock market today: Dow, S&P 500, Nasdaq nudge up as Wall Street braces for revision to jobs data",https://finance.yahoo.com/news/live/stock-market-today-dow-sp-500-nasdaq-nudge-up-as-wall-street-braces-for-revision-to-jobs-data-232914330.html,2025-09-09T13:36:38Z,AAPL,u stock hit fresh record tuesday investor digested revision u job number showed labor market weakness braced key inflation data could reset expectation interestrate cut dow jones industrial average dji climbed nearly close sp gspc rose also notch fresh record close techheavy nasdaq composite ixic gained marking second consecutive closing high week labor market data released bureau labor statistic tuesday showed u economy likely added fewer job previously thought month period march steeper revision expected economist tracked bloomberg expected data show around fewer job added economy time frame otherwise regular update took higher economic political prominence usual debate reign federal reserve react data slew indication labor market slowing far sign convinced trader interestrate cut coming fed policymakers meet next week question shifted large reduction might whether boon stock report inflation crucial fed thinking due starting wednesday latest reading producer price index ppi consumer price index cpi follows thursday cpi ppi reading shine light whether rising price could become significant stumbling block deep sustained rate cut also focus apple aapl annual fall event tech giant showcased device including iphone iphone air well new watch heart ratetracking airpods apple stock fell around elsewhere corporate front share tourmaline bio trml nebius nbis jumped deal news swiss pharma giant novartis nv novnsw big tech microsoft msft respectively oracle orcl gamestop gme report earnings bell live coverage update,1
Today in Apple history: Steve Jobs leaves and rejoins Apple,https://www.cultofmac.com/apple-history/steve-jobs-leaves-and-rejoins-apple,2025-09-16T15:59:22Z,AAPL,september twice day apple cofounder steve job make significant move regard career company leaf apple failed boardroom coup little decade later officially return apple new interim ceo term emotion associated historic occasion hard think two polarizing day job life steve job leaf apple story behind job departure wellknown apple ceo john sculley job recruited pepsico year earlier forced apple cofounder role general manager macintosh division led boardroom battle job sculley may job lost decided leave apple feeling forced company started week rumor job would quit set rival company prompted flurry sale aapl stock holding totaling million officially departed september took several apple employee start next inc followup computer company next doesnt really pan pixar next never became success job hoped would way company showcased worst aspect perfectionist feature creep tendency however next occupied immensely important period job life letting hone ability ceo also period became billionaire thanks canny investment pixar animation studio job big buying struggling george lucas startup yes george lucas yet release first featurelength film steve job return apple million sale next apple december brought job back cupertinos fold time company run gil amelio ceo oversaw apple worstever financial quarter amelio departed job offered help apple locate new leadership stepped role ceo someone suitable could found meanwhile unixbased operating system job developed next laid groundwork o x apple continues build upon latest version macos september apple officially announced job interim ceo quickly became shortened iceo make job role first release predating even imac remember steve job return departure apple leave comment,1
"Stock market today: Dow, S&P 500, Nasdaq edge up after US jobs data is revised sharply down",https://finance.yahoo.com/news/live/stock-market-today-dow-sp-500-nasdaq-edge-up-after-us-jobs-data-is-revised-sharply-down-133638948.html,2025-09-09T13:36:38Z,AAPL,u stock hit fresh record tuesday investor digested revision u job number showed labor market weakness braced key inflation data could reset expectation interestrate cut dow jones industrial average dji climbed nearly close sp gspc rose also notch fresh record close techheavy nasdaq composite ixic gained marking second consecutive closing high week labor market data released bureau labor statistic tuesday showed u economy likely added fewer job previously thought month period march steeper revision expected economist tracked bloomberg expected data show around fewer job added economy time frame otherwise regular update took higher economic political prominence usual debate reign federal reserve react data slew indication labor market slowing far sign convinced trader interestrate cut coming fed policymakers meet next week question shifted large reduction might whether boon stock report inflation crucial fed thinking due starting wednesday latest reading producer price index ppi consumer price index cpi follows thursday cpi ppi reading shine light whether rising price could become significant stumbling block deep sustained rate cut also focus apple aapl annual fall event tech giant showcased device including iphone iphone air well new watch heart ratetracking airpods apple stock fell around elsewhere corporate front share tourmaline bio trml nebius nbis jumped deal news swiss pharma giant novartis nv novnsw big tech microsoft msft respectively oracle orcl gamestop gme report earnings bell live coverage update,1
Why JPMorgan is warning the Fed rate cut everyone expects could sink stocks,https://www.marketwatch.com/story/why-jpmorgan-is-warning-the-fed-rate-cut-everyone-expects-could-sink-stocks-0179698d,2025-09-09T14:10:00Z,AAPL,,1
"Dear Apple Stock Fans, Mark Your Calendars for September 9",https://www.barchart.com/story/news/34460676/dear-apple-stock-fans-mark-your-calendars-for-september-9,2025-08-28T19:06:31Z,AAPL,switch market flag open menu switch market flag targeted data country choice targeted data country choice,0
"After jobs report, Street hopes for good news from Oracle, Adobe, Kroger",https://www.thestreet.com/investing/stocks/after-jobs-report-street-hopes-for-good-news-from-oracle-adobe-kroger,2025-09-07T13:14:46Z,AAPL,,1
"Stock market today: Dow leads S&P 500, Nasdaq higher as CPI inflation, jobless claims data sets stage for Fed",https://finance.yahoo.com/news/live/stock-market-today-dow-leads-sp-500-nasdaq-higher-as-cpi-inflation-jobless-claims-data-sets-stage-for-fed-133449641.html,2025-09-11T13:34:49Z,AAPL,u stock closed record high thursday latest reading inflation showed consumer price ticked august jobless claim rose highest level nearly four year together data helped set expectation pace interest rate cut year dow jones industrial average dji led stock higher rising point closing first time sp gspc rose techheavy nasdaq composite ixic gained around fourthconsecutive record close first time closing mark thursday consumer price index cpi report august exhibited sign president trump tariff impacting consumer cost august reading wholesale inflation came cooler expected read latest trump tariff cpi report showed inflation remained sticky last month annual headline rate rising compared july month month price rose compared july increase uptick compared economist expectation monthly gain shift past market expected shrug persistent price pressure print isnt expected dissuade federal reserve lowering rate meeting next week recent federal data shown crack labor market update weekly jobless claim thursday continued paint picture weakening job landscape application unemployment benefit jumping nearly four year trader see greater chance quarterpoint reduction next week vast majority expect central bank cut rate three time end year earnings front kroger kr adobe adbe thursday docket live coverage update,1
Investors cheer Apple’s higher iPhone prices,https://macdailynews.com/2025/09/18/investors-cheer-apples-higher-iphone-prices/,2025-09-18T14:04:55Z,AAPL,investor increasingly viewing higher iphone price reason invest apple stock aapl share rallied five consecutive day recovering dip following last week lackluster product launch featured slimmer iphone didnt spark much enthusiasm rebound driven optimism pricier model toptier pro version retailing could bolster apple revenue growth even upgrade demand remains flat ryan vlastelica bloomberg news average selling price asp iphones account half apple revenue expected rise fiscal compared expansion according bloomberg intelligence estimate come nearly decade price throughout iphone lineup largely flat price really increased first time several year see typical replacement cycle higher price plus progress ai may exciting setup stock decent one said john belton portfolio manager gabelli fund billion asset management ambitious change foldable iphone anticipated next year however wall street pro see condition iphone sale outperform expectation early demand stronger last year predecessor model according examination lead time morgan stanley analyst erik woodring early indication iphone upgrade rate could improving woodring wrote research note tuesday,1
Alphabet stock soars after judge doesn't force Google to sell Chrome browser in landmark antitrust case,https://finance.yahoo.com/news/alphabet-stock-soars-after-judge-doesnt-force-google-to-sell-chrome-browser-in-landmark-antitrust-case-210218498.html,2025-09-02T21:02:18Z,AAPL,alphabet goog googl stock rose wednesday federal district court judge ruled late tuesday google wouldnt forced sell chrome browser ruling divestment poor fit landmark antitrust case ruling district columbia judge amit mehta said company share data helped hold search monopoly saw google avoid harshest potential remedy part decision mehta ruled google continue make payment distribution partner preloading placement google search chrome genai product allows google continue make billion per year payment apple aapl exchange iphone maker using google search default search engine safari browser siri apple stock rose almost wednesday justice department pushed forced sale company search business judge order end multibilliondollar contract assured google market dominance move judge denied make plaintiff shown behavioral remedy ineffective without immediate divestiture chrome mehta said court task mehta said discern conduct maintains monopoly anticompetitive act distinct conduct fuel monopoly growth consequence superior product two complete trial court cannot find google market dominance sufficiently attributable illegal conduct justify divestiture judge said chrome adding radical structural relief would require heightened causal connection judge mehta also declined grant doj request contingent divestment google android operating system writing government present evidence justify contingent structural remedy throughout decision judge noted rise search competition posed generative ai said present strong reason jolt system allow market force work google able keep chrome android well continue making payment distribution partner company also make number change search giant barred entering exclusive contract related distribution google search chrome google assistant gemini google also cant condition licensing play store google app distribution preloading google service condition receiving revenuesharing payment one google app placement another app,1
"These are the stock-market trades to make going into the end of the year, according to Goldman Sachs",https://www.marketwatch.com/story/these-are-the-stock-market-trades-to-make-going-into-the-end-of-the-year-according-to-goldman-sachs-694bfedf,2025-09-08T13:31:00Z,AAPL,,1
Stocks Garner Support from Lower Bond Yields and Tesla Strength,https://www.barchart.com/story/news/34812363/stocks-garner-support-from-lower-bond-yields-and-tesla-strength,2025-09-15T14:05:39Z,AAPL,switch market flag open menu switch market flag targeted data country choice targeted data country choice,1
Google Is Now Worth $3 Trillion. Should You Buy GOOGL Stock Here?,https://www.barchart.com/story/news/34917158/google-is-now-worth-3-trillion-should-you-buy-googl-stock-here,2025-09-19T13:00:02Z,AAPL,switch market flag open menu switch market flag targeted data country choice targeted data country choice,0
Walmart is still embarrassing Target: Opening Bid top takeaway,https://finance.yahoo.com/news/walmart-is-still-embarrassing-target-opening-bid-top-takeaway-145723559.html,2025-08-21T14:57:23Z,AAPL,tech powell retail market eagerly awaiting fed chair jerome powell jackson hole speech friday keeping watch hot tech stock limp week retail investor darling palantir pltr notched six straight losing session going thursday wiping away billion market value process today focus state retail walmart wmt reporting mixed second quarter target tgt delivering another weak quarter tuesday deep dive walmart v target earnings report couldnt different though clearly showed impact president trump tariff war cautious consumer walmart continues trounce target every category store sale growth online sale growth profit margin expansion guidance walmart u sale v target v walmart u online sale v target v walmart gross profit margin v target basis point v basis point walmart guidance v target earnings per share guidance lift v reiterated eps outlook target new ceo michael fiddelke move quickly fix host problem compete walmart chief among run operationally sound business store online target need kick as retail expert investor jeff macke told opening bid deep dive retailer right exclude great tariff debate target business hit tariff particularly since sell lot apparel home good fact cost good sold imported item read trump tariff mean economy wallet walmart showed resilience larger grocery business overseas operation reality neither retailer wood merchandise higher price flow store walmarts second quarter print highlight strong traffic price investment driving share gain u comp growth well ahead peer jefferies analyst corey tarlowe wrote core margin lever remain intact suggesting continued earnings durability future upside tariff introduce nearterm uncertainty focus value market share support favorable setup sustained outperformance stock analysis best buy retail earnings parade keep marching next week let take quick look best buy bby report aug stock past five year retailer struggle compete amazon amzn electronics innovation also slowed see apple aapl still trying figure ai consumer hold device longer exactly great news best buy,1
Trump vs. Lisa Cook and what it really means for the stock market: Opening Bid top takeaway,https://finance.yahoo.com/news/trump-vs-lisa-cook-and-what-it-really-means-for-the-stock-market-opening-bid-top-takeaway-143052794.html,2025-08-26T14:30:52Z,AAPL,taking thing stride market closely monitoring battle president trump federal reserve governor lisa cook trump said late monday would remove cook amid allegation mortgage fraud cook dug saying resign trump doesnt authority fire initially rise gold price treasury yield investor grew concerned fed independence president successful outcome would momentous jpmorgan strategist michael feroli said here think investor first federal reserve independent u government trump win battle could go long way undermining confidence fed business may ramification bond yield u economy given bloated debt position say use prosecution one adversary whether fbi visit john boltons home whether kind attack launched lisa cook think something chilling many american former u treasury secretary larry summer told opening bid there norm kind pressure tactic legal including bringing power law enforcement investigation demand resignation bear becomes new norm american politics profound threat said summer vocal critic trump administration policy second clear trump want remake federal reserve contain dove support lower interest rate cook dismissed trump could soon gain majority fed member appointed key job jerome powell term expires next year could support higher stock price near term pro tell stephen miran nominated seat recently vacated governor kugler governor waller bowman dissenting favour rate cut july meeting would increase prospect dovish majority board deutsche bank strategist jim reid explained third situation headline grabber shouldnt detract area focus market chief among likely marketmoving earnings report wednesday evening nvidia nvda ai chip darling comprises sp gspc post say earnings call crucial maintaining summer rally,0
Paramount-Skydance's reported bid for Warner Bros. Discovery could spark media bidding war,https://finance.yahoo.com/news/paramount-skydances-reported-bid-for-warner-bros-discovery-could-spark-media-bidding-war-150022294.html,2025-09-13T15:00:22Z,AAPL,warner bros discovery wbd stock spiked close two trading day wall street journal report said paramount skydance psky preparing majoritycash bid medium conglomerate potential move could set hollywood bidding war reshape global streaming landscape david ellisonbacked company closed takeover paramount last month reportedly eyeing warner bros discovery asset include recognizable highprofile property hbo cnn warner bros studio lot paramount skydance immediately respond yahoo finance request comment warner bros discovery declined comment formal offer submitted talk could still collapse analyst say combination would instantly elevate paramount skydances scale streaming advertising forcing rival disney dis amazon amzn reassess competitive playbook make ton strategic economic sense bloomberg intelligence senior medium analyst geetha ranganathan told yahoo finance friday paramount warner bros discovery relatively subscale player streaming put together youre talking million subscriber top five global player netflix nflx million global subscriber disney hulu together reported million end latest quarter ended june paramount roughly million subscriber hbo max million put together give ellison venture around million subscriber enough rank among top global streaming player beyond scale combined company would also generate roughly billion tv advertising revenue analyst estimating billion billion annual merger synergy david ellison attends u premiere paramount picture transformer rise beast king theatre june brooklyn new york jason mendezgetty image paramount picture jason mendez via getty image paramount may bidder comcast cmcsa apple aapl amazon netflix sony sony floated potential suitor though analyst caution may reluctant absorb wbds shrinking cable portfolio still rare chance secure warner bros discovery crownjewel franchise could prove tempting pas absolutely raise stake everybody ranganathan said warner bros get toptier brand like dc comic harry potter lord ring tv side one best production house premium property hbo max onceinalifetime opportunity paramount bidder added make formidable competitor weakens everyone elses hand kind lead u think could potentially bidding war hand,0
"Apple Inc. (AAPL): China’s The “Wildcard,” Says Jim Cramer",https://finance.yahoo.com/news/apple-inc-aapl-china-wildcard-140833619.html,2025-09-05T14:08:33Z,AAPL,recently published stock jim cramers radar warned early buy apple inc nasdaqaapl one stock jim cramer recently discussed apple inc nasdaqaapls share jumped wednesday major headwind disappeared form search engine giant google trouble justice department share higher court ruled google could continue pay company push search service device apple inc nasdaqaapl meant deal google reportedly valued billion push google search iphone cramer discussed apple inc nasdaqaapl news court ruling broke well thats think china remains wildcard setting difficult tough negotiation therefore look apple look nvidia people saying alright ive looked ive judged sell thats simple great company figure way make money apple inc aapl china wildcard say jim cramer previously cramer discussed apple inc nasdaqaapl major company isnt spending heavily nvidias ai gpus apple one heavy hitter isnt writing huge check nvidia simply dont ai strategy apple stock way poorest performer big tech stock change tonight number apple turn last laugh others fall flat face listen heard thing dotcom survivor turn millennium acknowledge potential aapl investment conviction lie belief ai stock hold greater promise delivering higher return limited downside risk looking extremely cheap ai stock also major beneficiary trump tariff onshoring see free report best shortterm ai stock read next stock double year hidden ai stock buy right,0
"What Apple’s plans for ultra-thin, foldable, and curved-glass iPhones mean for the stock",https://macdailynews.com/2025/08/25/what-apples-plans-for-ultra-thin-foldable-and-curved-glass-iphones-mean-for-the-stock/,2025-08-25T17:02:43Z,AAPL,apple set introduce significant design update flagship product starting ultrathin iphone air year followed foldable model fall curvedglass version per bloomberg news mean apple stock adam clark barrons apple pressure show still ability innovate answer coming form multiple new iphone design next couple year according report sign innovation likely welcome apple amid worry losing edge ceo tim cook section apple loyal customer base likely snap new design foldable version particularly attractive user watch lot video smartphones still foldable smartphones remain niche product share overall market according research firm trendforce major question hanging apple continues relatively slow integration artificial intelligence iphone repeatedly delayed ai upgrade virtual assistant siri report continue emerge apple looking team google another company openai developer chatgpt anthropic ai upgrade becomes clear company planned front stock unlikely regain momentum macdailynews take currently aapl simply paying price missing ai stumbling around releasing much anything however even current myopic leadership still time enough money apple catch even lead please help support macdailynews enjoy subscriberonly article comment chat subscribing substack macdailynewssubstackcom thank support macdailynews extra cost using link shop amazon,1
Stock Indexes Rally to New Record Highs on Fed Rate Cut Optimism,https://www.barchart.com/story/news/34926620/stock-indexes-rally-to-new-record-highs-on-fed-rate-cut-optimism,2025-09-19T20:39:59Z,AAPL,switch market flag open menu switch market flag targeted data country choice targeted data country choice,0
Veteran tech analyst drops unexpected verdict on Apple stock,https://www.thestreet.com/technology/veteran-tech-analyst-drops-unexpected-verdict-on-apple-stock-,2025-09-10T16:47:00Z,AAPL,,1
"Stock market today: Dow, S&P 500, Nasdaq climb to records as sharp jobs revision sets stage for inflation data",https://finance.yahoo.com/news/live/stock-market-today-dow-sp-500-nasdaq-climb-to-records-as-sharp-jobs-revision-sets-stage-for-inflation-data-200028949.html,2025-09-09T20:00:28Z,AAPL,u stock hit fresh record tuesday investor digested revision u job number showed labor market weakness braced key inflation data could reset expectation interestrate cut dow jones industrial average dji climbed nearly close sp gspc rose also notch fresh record close techheavy nasdaq composite ixic gained marking second consecutive closing high week labor market data released bureau labor statistic tuesday showed u economy likely added fewer job previously thought month period march steeper revision expected economist tracked bloomberg expected data show around fewer job added economy time frame otherwise regular update took higher economic political prominence usual debate reign federal reserve react data slew indication labor market slowing far sign convinced trader interestrate cut coming fed policymakers meet next week question shifted large reduction might whether boon stock report inflation crucial fed thinking due starting wednesday latest reading producer price index ppi consumer price index cpi follows thursday cpi ppi reading shine light whether rising price could become significant stumbling block deep sustained rate cut also focus apple aapl annual fall event tech giant showcased device including iphone iphone air well new watch heart ratetracking airpods apple stock fell around elsewhere corporate front share tourmaline bio trml nebius nbis jumped deal news swiss pharma giant novartis nv novnsw big tech microsoft msft respectively oracle orcl gamestop gme report earnings bell live coverage update,1
S&P 500 and Nasdaq 100 Post Record Highs on Fed Easing Expectations,https://www.barchart.com/story/news/34813562/s-p-500-and-nasdaq-100-post-record-highs-on-fed-easing-expectations,2025-09-15T15:09:50Z,AAPL,switch market flag open menu switch market flag targeted data country choice targeted data country choice,1
Stocks Higher as Weak US Unemployment Report Bolsters Case for Multiple Fed Rate Cuts,https://www.barchart.com/story/news/34627236/stocks-higher-as-weak-us-unemployment-report-bolsters-case-for-multiple-fed-rate-cuts,2025-09-05T13:58:34Z,AAPL,switch market flag open menu switch market flag targeted data country choice targeted data country choice,0
Stocks Reach Highs On Oracle And Fed Expectations,https://www.forbes.com/sites/bill_stone/2025/09/13/stocks-reach-highs-on-oracle-and-fed-expectations/,2025-09-13T15:38:14Z,AAPL,,0
Stocks Turn Mixed on Strength in the Magnificent Seven Megacaps,https://www.barchart.com/story/news/34370842/stocks-turn-mixed-on-strength-in-the-magnificent-seven-megacaps,2025-08-25T15:18:39Z,AAPL,switch market flag open menu switch market flag targeted data country choice targeted data country choice,1
"Stock market today: Dow drops, S&P 500, Nasdaq slip from records as Wall Street counts down to Fed decision",https://finance.yahoo.com/news/live/stock-market-today-dow-drops-sp-500-and-nasdaq-slip-from-records-as-wall-street-counts-down-to-fed-decision-200039695.html,2025-09-16T20:00:39Z,AAPL,u stock pulled back record tuesday federal reserve kicked september policy meeting benchmark sp gspc techheavy nasdaq composite ixic slipped roughly dow jones industrial average dji fell otherwise light week economic data investor received latest figure retail sale tuesday showing strong consumer spending despite sticky inflation wobbly labor market retail sale august rose prior month expected tesla tsla stock rose tuesday wiping yeartodate loss monday following ceo elon musk purchase share ev maker oracle orcl added week gain cbs news reported company among consortium firm included uschina tiktok deal trump chinese president xi jinping expected finalize deal discus trade friday main event week land wednesday fed wrap meeting announce decision rate market confident policymakers cut rate due slowdown labor market despite persistently sticky price increase trader currently see chance basispoint cut chance jumbo reduction fed news senate narrowly confirmed stephen miran president trump fed pick vote monday evening move put miran place time cast vote central bank meeting though miran said would act independently intention take leave absence resign current role white house advisor raised question future fed independence especially trump pursues firing fed governor lisa cook live coverage update,1
Tesla's Rising Stock Is Moving Toward Break-Even for 2025. Here's Why.,https://www.investopedia.com/tesla-rising-stock-is-moving-toward-break-even-for-2025-here-is-why-11808865,2025-09-12T16:21:04Z,AAPL,tesla stock rise share electric vehicle maker month friday close roll though bumpy tesla tsla stock climbed yeartodate low around seen march approaching breakeven stock finished last year near ended week roughly yeartodate recovery notable stock end first half year laggard magnificent still one two company bigtech grouping red apple aapl tailing three major u index roundhill etf track magnificent group known mag almost year stock likely boosted factor lifted stock broadly investor widely expect federal reserve cut rate next week move generally seen beneficial big tech company strong secondquarter earnings growth offered measure optimism investor attempting gauge strength economy though there plenty concern score teslaspecific factor also seem lifting share despite wariness health company ev business investor appear willing pay possibility big opportunity robotics well sign progress autonomous driving tesla widely costly public feud ceo elon musk president donald trump extending valuable ev credit apparently cooled tesla board offered ceo elon musk pay package could remove stick around overhang company outlookalbeit high price enthusiasm stock may attributed see potential short squeeze investor traded share buy rise cover short bet wall street analyst dont appear ready climb aboard en masse visible alpha track many combined bearish neutral rating bull call mean price target around substantially current level investor nevertheless driving ahead article updated since first published reflect closing price,0
Google's market cap tops $3 trillion for the first time,https://finance.yahoo.com/news/googles-market-cap-tops-3-trillion-for-the-first-time-144039241.html,2025-09-15T14:40:39Z,AAPL,google parent alphabet goog googl monday became fourth company hit market cap trillion stock move come company avoided worst potential consequence antitrust trial federal district court judge amit mehta ruling earlier month google wont sell chrome browser google join apple aapl microsoft msft nvidia nvda trillion space though nvidia since climbed trillion strength ai chip google one key player ai race thanks gemini model chatbot company like microsoft amazon also bakes ai cloud business making powerful option customer entering space upgrading existing enterprise cloud subscription citi analyst ronald josey wrote investor note monday google antitrust trial result cloud offering help continue grow read google stock move today market action believe pace google product velocity ramping aided part judge mehtas ruling provides clear operational guideline google josey wrote specifically believe gemini tool capability integration across google product adoption continues expand across google product halo google size scale give inherent advantage product million monthly active user josey added google however also face increasing competition search space ai upstart including openai anthropic perplexity google trial apple senior vice president service eddy cue testified apple seen search safari browser decline first time april google however later pushed back statement saying company seeing growth area google isnt regulatory wood yet either company still contend ongoing online advertising antitrust lawsuit according bloomberg federal trade commission probing google amazon ad business practice sign yahoo finance week tech newsletter yahoofinance email daniel howley dhowleyyahoofinancecom follow xtwitter danielhowley click latest technology news impact stock market read latest financial business news yahoo finance,1
Top 10 Free API Providers for Data Science Projects,https://www.kdnuggets.com/top-10-free-api-providers-for-data-science-projects,2025-09-19T12:00:16Z,AAPL,image author chatgpt introduction getting realworld data data science project often hardest part toy datasets easy find highquality realtime data usually need use apis build custom scraping pipeline extract information web article share favorite free apisthe one use daily data collection data integration building ai agent apis organized five category spanning trusted data repository web scraping web search quickly choose right tool move data insight faster foundational data repository foundational data repository communitybased platform different organization opensource contributor share datasets wider world simple command access datasets project kaggle api kaggle datasets extremely popular working data science project instead downloading manually create data pipeline automatically download dataset unzip load workspace datasets shared opensource community everyone use get started generate api key kaggle account set environment variable run following command terminal kaggle also provides python sdk allows easy integration code kaggle datasets download kingabzproworldvaccineprogress p data unzip hugging face cli similar kaggle hugging face also data science machine learning community people share datasets model demo easily install hugging face cli integrate workflow using either cli command python code option allow download datasets without needing api key api key required dataset gated hf download kingabzprodermatologyqafirecrawldataset web crawling apis web contains wide variety data cant find information need platform mentioned may need curate data scraping web using web search api firecrawl firecrawl provides api extracting content website converting markdown format easier ai integration also come scraping extraction api integrated llm large language model advanced web scraping option api musthave use every day data creation integrating ai project curl x post httpsapifirecrawldevvscrape h authorization bearer firecrawlapikey h contenttype applicationjson url httpsabidwork format markdown html tavily tavily fast web search api provides search request per month free accurate quick use create datasets integrate ai project utilize simple search api development need curl request post url httpsapitavilycomsearch header authorization bearer token header contenttype applicationjson data query leo messi autoparameters false topic general searchdepth basic chunkspersource maxresults day includeanswer true includerawcontent true includeimages false includeimagedescriptions false includefavicon false includedomains excludedomains country null geospatial weather apis looking weather geospatial datasets know thing keep changing thats need realtime access datasets via api openweathermap openweathermap service provides global weather data via apis including current condition forecast nowcasts historical record even minutebyminute hyperlocal precipitation forecast curl httpsapiopenweathermaporgdataweatherqlondonappidyourapikeyunitsmetric openstreetmap openstreetmap provides world map data overpass api readonly web database serf customselected part osm queried overpass ql example fetch cafe node within small london bounding box curl g httpsoverpassapideapiinterpreter dataurlencode dataoutjsonnodeamenitycafeout financial market data apis financial market data apis highly recommended working financial project need realtime data stock crypto financerelated information news alpha vantage alpha vantage financial data platform offering free apis realtime historical market data across stock forex cryptocurrencies commodity option output json csv also provides chartready time series intraday daily weekly monthly interval technical indicator analysis curl httpswwwalphavantagecoqueryfunctiontimeseriesdailysymbolibmapikeyyourapikey yahoo finance many beginner practitioner use yfinance api access stock quote historical time series data dividend split well basic metadata allows create analysisready data frame quick prototype classroom project yahoo finance offer free stock quote news portfolio tool coverage international market enabling user explore wide range market data direct cost import yfinance yf printyfdownloadaapl periodyhead social community data apis working project analyze text community conversation top social medium platform apis provide easy access real social medium data reddit reddit offer rich communitydriven data source python reddit api wrapper praw make simple access official reddit api task like fetching post comment subreddit metadata python praw work sending request reddits api hood commonly used teaching research collect discussion thread analysis import praw r prawreddit clientidid clientsecretsecret useragentmyappdsprojectv uyourname printstitle rsubredditpythonhotlimit x x previously known twitter provides developer platform rest endpoint user content retrieval plus streaming option realtime data access generally requires authentication adherence rate limit policy selecting access tier appropriate volume use case curl h authorization bearer yourbearertoken httpsapixcomusersbyusernamejack final thought apis provide free access data often difficult obtain greatly enhance ability gather web data improve web scraping effort allowing create customized datasets highly recommend bookmarking article revisit need highquality realtime data web leveraging apis unlock valuable insight aid research analysis abid ali awan abidaliawan certified data scientist professional love building machine learning model currently focusing content creation writing technical blog machine learning data science technology abid hold master degree technology management bachelor degree telecommunication engineering vision build ai product using graph neural network student struggling mental illness,0
"Stocks Set to Open Higher as Fed Rate-Cut Expectations Rise, U.S. Inflation Data Awaited",https://www.barchart.com/story/news/34660103/stocks-set-to-open-higher-as-fed-rate-cut-expectations-rise-u-s-inflation-data-awaited,2025-09-08T10:09:02Z,AAPL,switch market flag open menu switch market flag targeted data country choice targeted data country choice,1
"Apple reveals Apple Watch Series 11 and Ultra 3 with hypertension detection, improved durability",https://finance.yahoo.com/news/apple-reveals-apple-watch-series-11-and-ultra-3-with-hypertension-detection-improved-durability-174053517.html,2025-09-09T17:40:53Z,AAPL,apple aapl unveiled latest apple watch lineup annual iphone event tuesday headquarters cupertino calif watch include apple watch series apple watch ultra apple watch se get blood pressure monitoring improved cellular connection improved durability number additional feature apple watch series apple said series two time scratchresistant series predecessor watch also get g connectivity first time us less battery cellular connection apple adding new capability watch heart health sleep function series detect pattern high blood pressure worn day apple said expects get clearance fda soon company claim allow alert million user potential hypertension new sleep score feature help user better understand sleep pattern time series hour battery life apple watch already provide bit hour usage expect series last longer like airpods pro apple watch series get live translation feature new apple watch apple watch ultra apple also unveiled highpowered apple watch ultra watch larger brighter display improved refresh rate see second alwayson screen like series ultra get g connectivity also come satellite connectivity allowing seek emergency help needed send message track location via find app apple said emergency so available free two year ultra get hour battery life series ultra come hypertension sleep apnea detection new feature apple watch ultra apple watch se apple entrylevel se also get upgrade including alwayson display wrist temperature tracking apple said watch also get sleep apnea tracking company new sleep scoring well speaker play music fast charging allows watch charge two time faster priorgeneration se like series come hour battery life feature apple watch se sign yahoo finance week tech newsletter yahoofinance email daniel howley dhowleyyahoofinancecom follow xtwitter danielhowley click latest technology news impact stock market read latest financial business news yahoo finance,1
Stocks Rally Sharply on Dovish Fed Chair Powell,https://www.barchart.com/story/news/34339528/stocks-rally-sharply-on-dovish-fed-chair-powell,2025-08-22T20:38:59Z,AAPL,switch market flag open menu switch market flag targeted data country choice targeted data country choice,0
"Stock market today: Dow jumps 800 points to record, S&P 500, Nasdaq soar as Powell's Jackson Hole finale fuels bets on September rate cut",https://finance.yahoo.com/news/live/stock-market-today-dow-jumps-800-points-to-record-sp-500-nasdaq-soar-as-powells-jackson-hole-finale-fuels-bets-on-september-rate-cut-200110990.html,2025-08-22T20:01:10Z,AAPL,u stock soared friday federal reserve chair jerome powell opened door september rate cut highly anticipated speech jackson hole dow jones industrial average dji rose point close fresh record sp gspc moved techheavy nasdaq composite ixic climbed friday surge came heel downbeat week market tech stock took hit amid ai trade doubt fed chair powell raised prospect central bank lowering interest rate september friday saying speech baseline outlook shifting balance risk may warrant adjusting policy stance speech touching country economic outlook fed new policy framework powell noted risk inflation remain tilted upside saying tariffrelated inflation pressure clearly visible remark shook ratecut bet waning weak monthly job report trader friday pricing odds september cut compared earlier morning week ago meanwhile year tnx year tyx treasury yield fell powell remark commentary also spurred gain bitcoin btcusd cryptocurrencies ethereum ethusd leading crypto gain white house watched powell speech closely president trump continued push fed powell lower rate trump opened new front public pressure campaign central bank independence calling resignation fed governor lisa cook alleged mortgage fraud friday trump said hell fire cook doesnt resign though legally president cannot easily dismiss fed governor earnings front zoom zm stock popped friday reporting ai boost ross store rost jumped shopper sought discount amid tariff intuit intu workday wday meanwhile slid share intel intc jumped president trump said government take stake ailing chip giant calling great deal live coverage update,0
Market Wrap today: Alphabet and Tesla gain while Texas Instruments slips,https://www.thestreet.com/markets/market-wrap-today-alphabet-and-tesla-gain-while-texas-instruments-slips,2025-09-16T00:50:28Z,AAPL,,1
Apple debuts AirPods Pro 3 with improved audio and built-in heart rate tracking,https://finance.yahoo.com/news/apple-debuts-airpods-pro-3-with-improved-audio-and-built-in-heart-rate-tracking-171606113.html,2025-09-09T17:16:06Z,AAPL,apple aapl tuesday revealed newest airpods airpods complete heart rate tracking apple said bud take advantage machine learning data accelerometer track heart rate without need apple watch also use airpods pro apple fitness plus track various exercise heart rate airpods pro feature custom multiport architecture help improve sound quality noise cancellation also get boost foaminfused earbud tip twice effective airpods pro four time better original airpods pro feature improvement apple latest airpods airpods pro also get live translation powered apple intelligence someone speaks different language press bud theyll automatically start translating one language another theyll also translate entire phrase rather individual word people wearing airpods pro earbuds allow converse completely separate language apple said run apple intelligence model iphone company made airpod smaller changed shape ear tip come five size bud sweat waterresistant meaning theyll keep working youre sweating like beast running rain airpods pro come eight hour battery life using active noise cancellation twohour upgrade sign yahoo finance week tech newsletter yahoofinance email daniel howley dhowleyyahoofinancecom follow xtwitter danielhowley click latest technology news impact stock market read latest financial business news yahoo finance,1
S&P 500 Climbs to a Record High on Fed Rate Cut Optimism,https://www.barchart.com/story/news/34724867/s-p-500-climbs-to-a-record-high-on-fed-rate-cut-optimism,2025-09-10T15:24:18Z,AAPL,switch market flag open menu switch market flag targeted data country choice targeted data country choice,1
Commentary: Trump’s trade war is hurting most sectors of the economy,https://finance.yahoo.com/news/commentary-trumps-trade-war-is-hurting-most-sectors-of-the-economy-191706763.html,2025-08-28T19:17:06Z,AAPL,might know rising stock market president trump tariff limit global trade causing widespread damage throughout economy cost eventually reach american family price hike less competition many product category u business reluctant criticize trump tariff lest trump retaliate theyre legally obligated tell shareholder anything affect financial performance lot tariff talk second quarter earnings season wrapping yahoo finance analysis earnings call found tariff aspect trump trade war harming profit forcing price hike least seven sector comprise sp stock index four sector relatively unscathed communication service xlc financials xlf real estate xlre utility xlu sector include sp company generally involve service subject tariff domestic nature read trump tariff mean economy wallet seven sector bearing cost new import tax jumped billion trump took office around billion could go high billion per month yahoo finance grace odonnell tracked specific mention tariff earnings call dozen prominent company second quarter example steep tariff impact among seven sector include company sp consumer discretionary xly general motor gm cited billion tariff hit profit second quarter ford f said tariff shave billion profit year decker outdoor deck plan raise price tariff home depot hd plan raise price offer fewer promotion discount retailer tjx tjxalso plan price hike consumer staple xlp walmart wmt said weve continued see cost increase week expect continue keurig dr pepper kdp said commodity inflation build tariff impact become prominent kraft heinz khc said tariff could reduce profit margin year percentage point energy xle solaredge sedg said trump tariff could cut profit margin percentage point sunrun run pegged tariffrelated loss around per customer baker hughes bkr said tariff could cost million year,0
Alphabet Stock: Is GOOG Outperforming the Communication Services Sector?,https://www.barchart.com/story/news/34695367/alphabet-stock-is-goog-outperforming-the-communication-services-sector,2025-09-09T14:37:38Z,AAPL,switch market flag open menu switch market flag targeted data country choice targeted data country choice,1
"Oracle soars, TSMC & Broadcom emerge winners: Market Wrap",https://www.thestreet.com/investing/oracle-soars-tsmc-broadcom-emerge-winners-market-wrap,2025-09-11T01:10:11Z,AAPL,,1
"Stock market today: Dow, S&P 500, Nasdaq waver after US jobs data is revised sharply down",https://finance.yahoo.com/news/live/stock-market-today-dow-sp-500-nasdaq-waver-after-us-jobs-data-is-revised-sharply-down-133638637.html,2025-09-09T13:36:38Z,AAPL,u stock hit fresh record tuesday investor digested revision u job number showed labor market weakness braced key inflation data could reset expectation interestrate cut dow jones industrial average dji climbed nearly close sp gspc rose also notch fresh record close techheavy nasdaq composite ixic gained marking second consecutive closing high week labor market data released bureau labor statistic tuesday showed u economy likely added fewer job previously thought month period march steeper revision expected economist tracked bloomberg expected data show around fewer job added economy time frame otherwise regular update took higher economic political prominence usual debate reign federal reserve react data slew indication labor market slowing far sign convinced trader interestrate cut coming fed policymakers meet next week question shifted large reduction might whether boon stock report inflation crucial fed thinking due starting wednesday latest reading producer price index ppi consumer price index cpi follows thursday cpi ppi reading shine light whether rising price could become significant stumbling block deep sustained rate cut also focus apple aapl annual fall event tech giant showcased device including iphone iphone air well new watch heart ratetracking airpods apple stock fell around elsewhere corporate front share tourmaline bio trml nebius nbis jumped deal news swiss pharma giant novartis nv novnsw big tech microsoft msft respectively oracle orcl gamestop gme report earnings bell live coverage update,1
Watch These Alphabet Stock Price Levels After Google Parent Joins the $3 Trillion Club,https://www.investopedia.com/watch-these-alphabet-price-levels-after-google-parent-s-move-into-usd3-trillion-club-11811667,2025-09-17T16:31:48Z,AAPL,key takeaway alphabet week became fourth company achieve market capitalization trillion boosted recently favorable legal ruling optimism company prospect amid ai boom since breaking saucer pattern late august alphabet share trended sharply higher month measuring principle project bullish price target investor also watch key support level alphabet chart around alphabet googl week became fourth company achieve market capitalization trillion boosted favorable legal ruling optimism company prospect amid ai boom tech giant joined apple aapl microsoft msft nvidia nvda exclusive club alphabet share surged recent week federal judge ruled google doesnt sell chrome browser remedy antitrust case investor also cheered integration google ai tool across ad cloud business alphabet share around earlyafternoon trading wednesday leaving company market cap hovering near trillion despite today decline stock gained since start september since start year dial alphabet technical point key price level worth watching september rally focus since breaking saucer pattern late august alphabet share continued trend sharply higher month relative strength index confirms bullish momentum reading nearing indicator also warns heated condition potentially leading shortterm price fluctuation profit taking also worth noting price formed spinning top candlestick pattern tuesday trading session signaling indecision among buyer seller let use technical analysis forecast stock could headed rally continues also point key support level worth monitoring bullish price target monitor investor forecast two possible bullish price target alphabet chart using measuring principle technique analyzes chart pattern project future price movement apply analysis calculate distance saucer pattern low high add formation top trendline value calculating distance point add forecast target alternatively measure distance percentage change project target applying increase key support level worth watching first support level eye sits around location chart may attract buying interest fill stock antitrust newsdriven breakaway gap finally selling level could see alphabet share retest key floor currently situated rising day moving average investor may look accumulate share region near saucer pattern top trendline may flip prior resistance future support comment opinion analysis expressed investopedia informational purpose read warranty liability disclaimer info date article written author security,0
